"DESCRIPTION","DURATION IN MS","NAME","PARENT SUITE","START TIME","STATUS","STOP TIME","SUB SUITE","SUITE","TEST CLASS","TEST METHOD"
"","0","test_add_1[1-a-error,\u975e\u6570\u5b57]","scripts","Mon May 12 19:25:22 CST 2025","passed","Mon May 12 19:25:22 CST 2025","TestAdd","test_add_4","",""
"","0","test_add_1[99-99-198]","scripts","Mon May 12 19:25:22 CST 2025","failed","Mon May 12 19:25:22 CST 2025","TestAdd","test_add_4","",""
"","0","test_add_1[None-1-error,\u975e\u6570\u5b57]","scripts","Mon May 12 19:25:22 CST 2025","passed","Mon May 12 19:25:22 CST 2025","TestAdd","test_add_4","",""
"","0","test_add_1[1--100-error,\u6570\u636e\u7684\u8303\u56f4\u5fc5\u987b\u5927\u4e8e\u7b49\u4e8e]","scripts","Mon May 12 19:25:22 CST 2025","passed","Mon May 12 19:25:22 CST 2025","TestAdd","test_add_4","",""
"","0","test_add_1[a-1-error,\u975e\u6570\u5b57]","scripts","Mon May 12 19:25:22 CST 2025","passed","Mon May 12 19:25:22 CST 2025","TestAdd","test_add_4","",""
"","0","test_add_1[-100-1-error,\u6570\u636e\u7684\u8303\u56f4\u5fc5\u987b\u5927\u4e8e\u7b49\u4e8e]","scripts","Mon May 12 19:25:22 CST 2025","passed","Mon May 12 19:25:22 CST 2025","TestAdd","test_add_4","",""
"","0","test_add[3-4-7]","scripts","Mon May 12 19:25:22 CST 2025","passed","Mon May 12 19:25:22 CST 2025","TestAdd","test_add_3","",""
"","0","test_add[1-2-3]","scripts","Mon May 12 19:25:22 CST 2025","passed","Mon May 12 19:25:22 CST 2025","TestAdd","test_add_3","",""
"","0","test_add_1[1-100-error,\u6570\u636e\u7684\u8303\u56f4\u5fc5\u987b\u5927\u4e8e\u7b49\u4e8e]","scripts","Mon May 12 19:25:22 CST 2025","passed","Mon May 12 19:25:22 CST 2025","TestAdd","test_add_4","",""
"","0","test_3","scripts","Mon May 12 19:25:22 CST 2025","passed","Mon May 12 19:25:22 CST 2025","TestAdd","test_add","",""
"","0","test_login3","scripts","Mon May 12 19:25:22 CST 2025","passed","Mon May 12 19:25:22 CST 2025","TestLogin","test_fixture","",""
"","0","test_2","scripts","Mon May 12 19:25:22 CST 2025","passed","Mon May 12 19:25:22 CST 2025","TestAdd","test_add","",""
"","0","test_method_2","scripts","Mon May 12 19:25:22 CST 2025","passed","Mon May 12 19:25:22 CST 2025","TestDemo","test_dome_02","",""
"","1","test_login1","scripts","Mon May 12 19:25:22 CST 2025","passed","Mon May 12 19:25:22 CST 2025","TestLogin","test_fixture","",""
"","0","test_add_1[100-1-error,\u6570\u636e\u7684\u8303\u56f4\u5fc5\u987b\u5927\u4e8e\u7b49\u4e8e]","scripts","Mon May 12 19:25:22 CST 2025","passed","Mon May 12 19:25:22 CST 2025","TestAdd","test_add_4","",""
"","0","test_method_1","scripts","Mon May 12 19:25:22 CST 2025","passed","Mon May 12 19:25:22 CST 2025","TestDemo","test_dome_02","",""
"","1","test_add[1-5-6]","scripts","Mon May 12 19:25:22 CST 2025","passed","Mon May 12 19:25:22 CST 2025","TestAdd","test_add_2","",""
"","0","test_2","scripts","Mon May 12 19:25:22 CST 2025","passed","Mon May 12 19:25:22 CST 2025","TestAdd","test_add_1","",""
"","0","test_add[9-7-16]","scripts","Mon May 12 19:25:22 CST 2025","passed","Mon May 12 19:25:22 CST 2025","TestAdd","test_add_2","",""
"","0","test_method_2","scripts","Mon May 12 19:25:22 CST 2025","passed","Mon May 12 19:25:22 CST 2025","TestDemo","test_dome_01","",""
"","0","test_login2","scripts","Mon May 12 19:25:22 CST 2025","passed","Mon May 12 19:25:22 CST 2025","TestLogin","test_fixture","",""
"","0","test_add_1[1-None-error,\u975e\u6570\u5b57]","scripts","Mon May 12 19:25:22 CST 2025","passed","Mon May 12 19:25:22 CST 2025","TestAdd","test_add_4","",""
"","0","test_add[0-10-10]","scripts","Mon May 12 19:25:22 CST 2025","passed","Mon May 12 19:25:22 CST 2025","TestAdd","test_add_2","",""
"","0","test_add[10-10-21]","scripts","Mon May 12 19:25:22 CST 2025","failed","Mon May 12 19:25:22 CST 2025","TestAdd","test_add_2","",""
"","0","test_add_1[0-0-0]","scripts","Mon May 12 19:25:22 CST 2025","passed","Mon May 12 19:25:22 CST 2025","TestAdd","test_add_4","",""
"","0","test_add_1[-99--99--198]","scripts","Mon May 12 19:25:22 CST 2025","failed","Mon May 12 19:25:22 CST 2025","TestAdd","test_add_4","",""
"","0","test_method_1","scripts","Mon May 12 19:25:22 CST 2025","passed","Mon May 12 19:25:22 CST 2025","TestDemo","test_dome_01","",""
"","1","test_1","scripts","Mon May 12 19:25:22 CST 2025","passed","Mon May 12 19:25:22 CST 2025","TestAdd","test_add_1","",""
"","0","test_1","scripts","Mon May 12 19:25:22 CST 2025","passed","Mon May 12 19:25:22 CST 2025","TestAdd","test_add","",""
"","1","test_3","scripts","Mon May 12 19:25:22 CST 2025","failed","Mon May 12 19:25:22 CST 2025","TestAdd","test_add_1","",""
"","0","test_add[2-3-5]","scripts","Mon May 12 19:25:22 CST 2025","passed","Mon May 12 19:25:22 CST 2025","TestAdd","test_add_3","",""
